{
  "timestamp": 1766660471.4907007,
  "files": [
    "esseMe.txt",
    "esseMine.txt"
  ],
  "cosine_matrix": [
    [
      1.0000000000000002,
      0.6990332707464012
    ],
    [
      0.6990332707464012,
      1.0000000000000004
    ]
  ],
  "pairwise": [
    {
      "file_a": "esseMe.txt",
      "file_b": "esseMine.txt",
      "lcs": 0.7228070175438597,
      "ngram": 0.6736842105263158
    }
  ]
}